timestamp,claude_total,claude_merged,copilot_total,copilot_merged,codex_total,codex_merged,cursor_total,cursor_merged,devin_total,devin_merged,codegen_total,codegen_merged
2025‑05‑26 14:21:34,8729,1594,54211,44230,0,0,0,0,0,0,0,0
2025‑05‑26 14:41:16,8772,1600,54285,44297,0,0,0,0,0,0,0,0
2025‑05‑26 14:44:33,8773,1604,54300,44309,0,0,0,0,0,0,0,0
2025‑05‑26 15:01:03,8777,1608,54361,44361,0,0,0,0,0,0,0,0
2025‑05‑26 18:00:59,8817,1637,54720,44677,0,0,0,0,0,0,0,0
2025‑05‑26 21:00:49,8852,1662,55314,45185,0,0,0,0,0,0,0,0
2025‑05‑27 00:01:50,8883,1684,55799,45606,0,0,0,0,0,0,0,0
2025‑05‑27 03:18:57,8953,1726,56247,45977,0,0,0,0,0,0,0,0
2025‑05‑27 06:01:42,8992,1752,56660,46338,0,0,0,0,0,0,0,0
2025‑05‑27 09:01:03,9057,1798,57288,46897,0,0,0,0,0,0,0,0
2025‑05‑27 12:01:08,9101,1828,57822,47375,0,0,0,0,0,0,0,0
2025‑05‑27 15:01:07,9215,1898,58093,47629,0,0,0,0,0,0,0,0
2025‑05‑27 18:00:58,9276,1932,58600,48092,0,0,0,0,0,0,0,0
2025‑05‑27 18:53:59,9291,1937,58807,48284,0,0,0,0,0,0,0,0
2025‑05‑27 21:00:55,9329,1964,59220,48668,0,0,0,0,0,0,0,0
2025‑05‑28 00:02:01,9418,2022,59533,48942,0,0,0,0,0,0,0,0
2025‑05‑28 03:19:55,9429,2055,60227,49553,0,0,0,0,0,0,0,0
2025‑05‑28 06:01:05,9459,2080,60579,49885,0,0,0,0,0,0,0,0
2025‑05‑28 09:01:03,9485,2120,61112,50381,0,0,0,0,0,0,0,0
2025‑05‑28 12:01:14,9520,2153,61706,50918,0,0,0,0,0,0,0,0
2025‑05‑28 15:01:05,9571,2183,62379,51505,0,0,0,0,0,0,0,0
2025‑05‑28 18:01:05,9628,2213,62951,52001,0,0,0,0,0,0,0,0
2025‑05‑28 21:01:04,9672,2250,63934,52934,0,0,0,0,0,0,0,0
2025‑05‑29 00:01:51,9740,2286,65005,53822,0,0,0,0,0,0,0,0
2025‑05‑29 03:20:23,9778,2317,65748,54460,0,0,0,0,0,0,0,0
2025‑05‑29 06:01:00,9826,2342,66209,54888,0,0,0,0,0,0,0,0
2025‑05‑29 09:01:12,9801,2365,66582,55221,0,0,0,0,0,0,0,0
2025‑05‑29 12:01:13,9801,2396,67084,55676,0,0,0,0,0,0,0,0
2025‑05‑29 15:01:04,9886,2450,67676,56196,0,0,0,0,0,0,0,0
2025‑05‑29 18:01:03,9946,2477,68280,56711,0,0,0,0,0,0,0,0
2025‑05‑29 21:01:03,10021,2528,68849,57244,0,0,0,0,0,0,0,0
2025‑05‑30 00:02:06,10056,2556,69319,57646,0,0,0,0,0,0,0,0
2025‑05‑30 03:19:21,10092,2593,69817,58062,0,0,0,0,0,0,0,0
2025‑05‑30 06:00:55,10141,2626,70115,58282,0,0,0,0,0,0,0,0
2025‑05‑30 09:00:57,10160,2651,70487,58626,0,0,0,0,0,0,0,0
2025‑05‑30 12:01:08,10187,2662,70867,58899,0,0,0,0,0,0,0,0
2025‑05‑30 15:01:00,10240,2694,71526,59448,0,0,0,0,0,0,0,0
2025‑05‑30 18:01:07,10286,2733,72215,60080,0,0,0,0,0,0,0,0
2025‑05‑30 21:00:52,10340,2788,72199,60014,0,0,0,0,0,0,0,0
2025‑05‑31 00:02:00,10391,2824,70675,58469,0,0,0,0,0,0,0,0
2025‑05‑31 03:18:35,10442,2859,70991,58737,0,0,0,0,0,0,0,0
2025‑05‑31 06:01:07,10488,2897,71170,58918,0,0,0,0,0,0,0,0
2025‑05‑31 09:00:56,10520,2911,71581,59248,0,0,0,0,0,0,0,0
2025‑05‑31 12:01:13,10581,2948,71991,59588,0,0,0,0,0,0,0,0
2025‑05‑31 15:00:53,10629,2996,72358,59910,0,0,0,0,0,0,0,0
2025‑05‑31 18:00:59,10689,3037,72762,60274,0,0,0,0,0,0,0,0
2025‑05‑31 21:00:57,10763,3089,73174,60634,0,0,0,0,0,0,0,0
2025‑06‑01 00:02:07,10846,3140,72953,60522,0,0,0,0,0,0,0,0
2025‑06‑01 03:29:15,10891,3171,73489,61021,0,0,0,0,0,0,0,0
2025‑06‑01 06:01:02,10920,3196,73791,61287,0,0,0,0,0,0,0,0
2025‑06‑01 09:01:03,10949,3215,74239,61672,0,0,0,0,0,0,0,0
2025‑06‑01 12:01:08,10973,3255,74493,61902,0,0,0,0,0,0,0,0
2025‑06‑01 15:01:00,11005,3295,74935,62304,0,0,0,0,0,0,0,0
2025‑06‑01 18:01:08,11072,3350,75443,62780,0,0,0,0,0,0,0,0
2025‑06‑01 18:59:52,11090,3371,75635,62962,0,0,0,0,0,0,0,0
2025‑06‑01 19:04:17,11091,3372,75643,62973,0,0,27225,16620,0,0,0,0
2025‑06‑01 21:00:52,11163,3402,76007,63286,0,0,27231,16623,0,0,0,0
2025‑06‑02 00:01:50,11184,3445,76494,63710,0,0,27249,16633,0,0,0,0
2025‑06‑02 03:24:55,11250,3513,76763,63923,0,0,27272,16653,0,0,0,0
2025‑06‑02 06:01:05,11274,3534,77017,64142,0,0,27290,16671,0,0,0,0
2025‑06‑02 09:01:10,11311,3569,77456,64517,0,0,27313,16690,0,0,0,0
2025‑06‑02 12:01:04,11358,3592,77960,64949,0,0,27345,16719,0,0,0,0
2025‑06‑02 15:01:02,11424,3641,78311,65225,0,0,27361,16728,0,0,0,0
2025‑06‑02 18:01:01,11507,3716,78795,65647,0,0,27386,16746,0,0,0,0
2025‑06‑02 21:00:59,11572,3757,79303,66160,0,0,27401,16761,0,0,0,0
2025‑06‑03 00:01:57,11625,3794,79759,66568,0,0,27428,16774,0,0,0,0
2025‑06‑03 03:21:22,11654,3831,80034,66795,0,0,27281,16612,0,0,0,0
2025‑06‑03 06:01:08,11701,3863,80347,67053,0,0,27299,16624,0,0,0,0
2025‑06‑03 09:01:16,11703,3891,80843,67495,0,0,27326,16638,0,0,0,0
2025‑06‑03 12:01:12,11790,3944,81145,67753,0,0,27351,16652,0,0,0,0
2025‑06‑03 15:01:12,11836,3970,81669,68203,0,0,27390,16691,0,0,0,0
2025‑06‑03 18:01:08,11945,4015,82303,68785,0,0,27413,16704,0,0,0,0
2025‑06‑03 21:01:09,12007,4056,85988,71508,0,0,27436,16718,0,0,0,0
2025‑06‑04 00:02:07,12058,4088,89563,74245,0,0,27457,16735,0,0,0,0
2025‑06‑04 03:21:45,12116,4122,93329,77062,0,0,27414,16685,0,0,0,0
2025‑06‑04 06:01:08,12135,4141,95829,79045,0,0,27425,16696,0,0,0,0
2025‑06‑04 09:01:04,12180,4178,99685,81911,0,0,27452,16715,0,0,0,0
2025‑06‑04 12:01:14,12226,4205,103723,84974,0,0,27466,16726,0,0,0,0
2025‑06‑04 15:11:29,12310,4251,108709,88950,0,0,27497,16752,0,0,0,0
2025‑06‑04 17:12:37,12354,4276,111781,91560,244,174,27480,16736,0,0,0,0
2025‑06‑04 18:00:59,12380,4280,113011,92601,245,175,27485,16737,0,0,0,0
2025‑06‑04 21:01:13,12416,4311,117399,96208,245,175,27516,16753,0,0,0,0
2025‑06‑05 00:02:03,12499,4345,120664,98859,251,179,27547,16766,0,0,0,0
2025‑06‑05 03:21:45,12574,4389,124279,101930,261,189,27584,16790,0,0,0,0
2025‑06‑05 06:01:06,12595,4405,126570,103797,276,200,27604,16810,0,0,0,0
2025‑06‑05 09:01:17,12637,4427,129434,106061,296,214,27627,16825,0,0,0,0
2025‑06‑05 12:01:13,12685,4450,132583,108609,325,243,27644,16845,0,0,0,0
2025‑06‑05 15:01:08,12770,4510,136413,111692,332,245,27658,16856,0,0,0,0
2025‑06‑05 19:34:27,12869,4567,142096,116376,343,254,27679,16869,0,0,0,0
2025‑06‑05 19:56:50,12880,4571,142577,116754,345,255,27679,16870,0,0,0,0
2025‑06‑05 20:03:49,12883,4573,142734,116894,345,255,27680,16870,0,0,0,0
2025‑06‑05 20:14:36,12886,4573,142912,117029,345,255,27681,16873,0,0,0,0
2025‑06‑05 21:00:58,12900,4585,143860,117767,351,259,27686,16875,0,0,0,0
2025‑06‑06 00:02:01,12948,4605,147162,120471,388,289,27697,16882,0,0,0,0
2025‑06‑06 03:21:44,12993,4631,149856,122901,405,302,27707,16890,0,0,0,0
2025‑06‑06 06:01:09,13019,4645,151890,124619,411,306,27589,16774,0,0,0,0
2025‑06‑06 09:01:17,12996,4627,154381,126720,415,313,27616,16793,0,0,0,0
2025‑06‑06 12:01:16,13080,4678,157281,129172,423,318,27641,16799,0,0,0,0
2025‑06‑06 15:01:01,13148,4735,160574,132038,436,326,27656,16818,0,0,0,0
2025‑06‑06 18:00:59,13224,4781,164030,135074,441,329,27679,16837,0,0,0,0
2025‑06‑06 18:46:45,13243,4788,165292,136192,445,333,27685,16841,0,0,0,0
2025‑06‑06 18:50:47,13243,4788,165375,136268,445,333,27685,16843,0,0,0,0
2025‑06‑06 21:00:59,13292,4817,167406,138043,450,334,27697,16851,0,0,0,0
2025‑06‑07 00:02:10,13350,4861,170226,140491,520,345,27720,16861,0,0,0,0
2025‑06‑07 03:20:20,13406,4886,172624,142523,526,381,27740,16875,0,0,0,0
2025‑06‑07 06:00:56,13447,4919,174247,143894,540,390,27756,16881,0,0,0,0
2025‑06‑07 09:00:55,13511,4957,175935,145320,550,401,27772,16888,0,0,0,0
2025‑06‑07 12:01:01,13558,5006,178367,147424,559,411,27783,16898,0,0,0,0
2025‑06‑07 15:01:06,13611,5046,181055,149777,566,413,27794,16906,0,0,0,0
2025‑06‑07 18:00:57,13668,5086,183792,152091,592,439,27824,16932,0,0,0,0
2025‑06‑07 21:01:01,13726,5120,186943,154860,602,449,27786,16894,0,0,0,0
2025‑06‑08 00:02:05,13747,5147,189457,157017,626,477,27802,16903,0,0,0,0
2025‑06‑08 03:26:57,13786,5182,191642,158863,632,482,27801,16901,0,0,0,0
2025‑06‑08 06:01:04,13808,5198,193372,160278,644,488,27810,16908,0,0,0,0
2025‑06‑08 09:01:01,13855,5231,195169,161814,648,491,27829,16917,0,0,0,0
2025‑06‑08 12:01:02,13909,5282,197184,163613,653,500,27841,16930,0,0,0,0
2025‑06‑08 15:00:57,13960,5330,199786,165861,668,508,27857,16946,0,0,0,0
2025‑06‑08 18:00:54,14014,5372,202688,168437,678,518,27853,16943,0,0,0,0
2025‑06‑08 21:01:08,14074,5417,205798,171172,699,537,27874,16959,0,0,0,0
2025‑06‑09 00:01:58,14162,5489,207899,173018,704,543,27888,16967,0,0,0,0
2025‑06‑09 00:52:28,14168,5500,208687,173807,704,544,27896,16973,3750,1524
2025‑06‑09 00:56:33,14168,5502,208718,173850,705,545,27896,16973,3750,1524
2025‑06‑09 03:25:53,14228,5558,210702,175554,712,548,27896,16968,3752,1526
2025‑06‑09 06:01:04,14274,5595,212250,176851,717,552,27910,16979,3754,1526
2025‑06‑09 09:01:12,14323,5632,214486,178755,727,556,27929,16992,3756,1527
2025‑06‑09 12:01:11,14326,5669,216838,180780,737,566,27944,17000,3767,1531
2025‑06‑09 14:38:49,14382,5708,219410,183024,745,573,27965,17014,3776,1536
2025‑06‑09 15:01:08,14392,5714,219792,183328,746,573,27969,17016,3778,1537
2025‑06‑09 18:01:07,14497,5785,223178,186266,764,586,27988,17026,3794,1546
2025‑06‑09 21:01:07,14573,5830,226196,188954,782,597,28013,17050,3823,1559
2025‑06‑10 00:02:00,14638,5867,228545,191005,795,608,28045,17078,3844,1568
2025‑06‑10 03:23:13,14660,5895,230792,192872,805,614,28044,17068,3867,1585
2025‑06‑10 06:01:01,14693,5938,232680,194475,821,622,28056,17079,3883,1599
2025‑06‑10 09:01:55,14738,5986,234733,196223,836,634,28080,17095,3895,1612
2025‑06‑10 12:01:23,14634,6025,237435,198531,847,644,28118,17133,3901,1614
2025‑06‑10 15:01:15,14703,6072,240364,201100,859,649,28146,17158,3907,1617
2025‑06‑10 18:01:12,14790,6127,243661,203958,874,656,28171,17173,3910,1617
2025‑06‑10 21:01:17,14921,6207,246577,206404,889,670,28204,17205,3918,1624
2025‑06‑11 00:02:05,15000,6257,249119,208528,903,677,28229,17213,3926,1631
2025‑06‑11 03:22:41,15078,6302,251304,210456,912,683,28157,17141,3931,1636
2025‑06‑11 06:01:07,15172,6365,253021,211954,921,691,28178,17152,3935,1637
2025‑06‑11 09:01:37,15229,6391,255138,213747,927,697,28205,17181,3938,1638
2025‑06‑11 12:01:15,15284,6425,257837,216098,927,697,28233,17202,3939,1640
2025‑06‑11 12:25:07,2459,2025,15301,6433,258135,216354,928,697,28234,17204,3939,1640
2025‑06‑11 15:01:00,2468,2030,15378,6489,260736,218669,935,702,28230,17203,3940,1638
2025‑06‑11 18:01:20,2480,2036,15462,6546,263511,221050,952,712,28213,17184,3971,1660
2025‑06‑11 21:00:55,2491,2042,15561,6607,266476,223688,964,720,28226,17186,3991,1679
2025‑06‑12 00:01:11,2499,2047,15663,6674,268840,225821,977,729,28249,17205,4028,1704
2025‑06‑12 03:21:32,2513,2057,15704,6709,271237,227923,983,735,28283,17227,4031,1711
2025‑06‑12 06:00:58,2528,2066,15728,6743,273102,229529,988,739,28317,17253,4031,1711
2025‑06‑12 09:00:59,2466,2017,15768,6794,275293,231473,998,747,28350,17276,4048,1719
2025‑06‑12 12:01:00,2474,2026,15794,6824,277603,233456,1008,753,28349,17293,4075,1730
2025‑06‑12 15:01:17,2534,2080,15904,6878,280946,236480,1018,759,28378,17314,4082,1733
2025‑06‑12 18:01:04,2541,2087,16024,6936,283523,238719,1025,760,28431,17341,4089,1737
2025‑06‑12 21:00:59,2546,2093,16092,6973,285933,240835,1030,765,28448,17344,4095,1742
2025‑06‑13 00:01:11,2551,2096,16149,7022,287951,242614,1032,772,28461,17349,4113,1756
2025‑06‑13 03:22:46,2565,2104,16279,7080,289986,244417,1039,779,28468,17354,4123,1763
2025‑06‑13 06:01:04,2579,2116,16352,7168,291531,245795,1040,781,28477,17361,4129,1766
2025‑06‑13 09:00:54,2589,2125,16521,7321,293305,247339,1050,785,28509,17385,4067,1713
2025‑06‑13 12:01:01,2596,2130,16562,7351,295751,249573,1062,795,28535,17405,4072,1719
2025‑06‑13 15:00:57,2607,2137,16664,7407,298099,251559,1075,806,28563,17428,4045,1695
2025‑06‑13 18:01:01,2631,2160,16720,7457,299653,252888,1093,828,28597,17447,4048,1699
2025‑06‑13 21:00:56,2644,2167,16813,7514,302297,255225,1103,831,28613,17461,4050,1702
2025‑06‑14 00:01:13,2658,2171,16896,7580,304272,257014,1108,835,28629,17470,4055,1702
2025‑06‑14 03:19:25,2696,2181,16946,7625,306396,258871,1114,839,28629,17469,4064,1706
2025‑06‑14 06:01:13,2678,2191,16968,7652,308044,260337,1116,841,28651,17485,4066,1706
2025‑06‑14 09:00:56,2686,2201,16975,7685,309445,261604,1125,847,28603,17446,4068,1706
2025‑06‑14 12:01:08,2700,2214,15433,7719,310888,262842,1127,848,28604,17455,4073,1706
2025‑06‑14 15:00:53,2713,2228,15545,7780,312832,264592,1133,854,28622,17467,4074,1707
2025‑06‑14 18:01:05,2691,2204,15654,7840,315101,266635,1136,858,28635,17481,4078,1709
2025‑06‑14 21:01:02,2693,2207,15727,7914,317598,268842,1145,865,28614,17456,4087,1713
2025‑06‑15 00:01:11,2710,2222,15750,7930,319971,270943,1148,869,28647,17463,4103,1729
2025‑06‑15 03:26:50,2724,2232,15809,7968,321492,272314,1159,879,28622,17461,4121,1742
2025‑06‑15 06:00:57,2774,2280,15837,7993,322513,273180,1169,885,28626,17465,4141,1761
2025‑06‑15 09:01:13,2794,2297,15880,8027,324694,274973,1177,887,28656,17482,4155,1770
2025‑06‑15 12:00:53,2825,2327,15955,8062,326755,276576,1181,890,28669,17489,4159,1772
2025‑06‑15 15:00:56,2859,2356,16057,8145,328795,278370,1188,894,28675,17494,4165,1773
2025‑06‑15 18:01:04,2823,2321,16150,8196,331621,280911,1206,910,28683,17500,4169,1775
2025‑06‑15 21:00:59,2830,2327,16294,8292,333834,282865,1201,905,28731,17542,4169,1778
2025‑06‑16 00:01:02,2842,2335,16345,8337,336010,284699,1211,915,28736,17542,4142,1752
2025‑06‑16 03:25:46,2861,2354,16397,8364,338382,286749,1226,926,28750,17553,4091,1707
2025‑06‑16 06:00:56,2868,2362,16448,8406,339731,287930,1233,930,28785,17570,4086,1703
2025‑06‑16 09:01:48,2887,2377,16539,8493,340692,288583,1234,932,28819,17593,4091,1703
2025‑06‑16 12:01:03,2895,2381,16597,8544,342638,290295,1250,945,28834,17606,4094,1704
2025‑06‑16 15:01:00,2900,2384,16734,8627,345549,292858,1255,949,28862,17615,3888,1536
2025‑06‑16 18:00:59,2917,2397,16808,8681,348101,295084,1267,955,28904,17656,3889,1537
2025‑06‑16 21:01:03,2930,2398,16866,8740,351381,298005,1275,955,28922,17664,3890,1537
2025‑06‑17 00:01:23,2937,2408,16925,8785,353444,299844,1284,962,28973,17705,3898,1541
2025‑06‑17 03:22:45,2938,2407,16989,8828,355432,301635,1292,970,28951,17709,3911,1547
2025‑06‑17 06:00:55,2951,2419,17011,8835,357046,303053,1298,975,28987,17726,3927,1559
2025‑06‑17 09:01:34,2956,2426,17066,8887,358252,304086,1303,978,29001,17736,3929,1561
2025‑06‑17 12:01:06,2969,2436,17114,8927,360442,306022,1322,987,29014,17740,3930,1563
2025‑06‑17 15:01:04,2977,2444,17216,8993,362928,308271,1333,995,29028,17751,3934,1564
2025‑06‑17 18:01:06,2994,2456,17270,9061,366148,311188,1346,1003,29069,17759,3936,1565
2025‑06‑17 21:01:08,2997,2463,17211,8993,367731,312551,1350,1010,29093,17771,3940,1565
2025‑06‑18 00:01:03,3010,2474,17218,8982,369596,314233,1364,1014,29110,17778,3946,1566
2025‑06‑18 03:22:05,3027,2487,17259,9001,371316,315680,1371,1016,29129,17782,3948,1566
2025‑06‑18 06:00:55,3045,2500,17349,9032,371699,316002,1379,1023,29135,17788,3950,1567
2025‑06‑18 09:01:27,3057,2507,17405,9081,373578,317615,1388,1026,29145,17790,3952,1568
2025‑06‑18 12:01:01,3064,2513,17497,9132,375605,319399,1396,1034,29161,17796,3953,1568
2025‑06‑18 15:01:03,3082,2522,17579,9206,378611,322064,1390,1036,29170,17806,3955,1569
2025‑06‑18 18:00:55,3093,2533,17680,9263,381209,324365,1401,1045,29222,17843,3958,1570
2025‑06‑18 21:00:53,3110,2541,17748,9303,384908,327928,1414,1052,29235,17852,3965,1572
2025‑06‑19 00:01:04,3129,2552,17815,9343,387314,330073,1422,1059,29232,17852,3968,1574
2025‑06‑19 03:22:23,3155,2570,17893,9386,389285,331859,1436,1069,29260,17872,3969,1576
2025‑06‑19 06:01:07,3180,2586,17939,9419,391110,333458,1447,1078,29281,17887,3981,1585
2025‑06‑19 09:01:13,3198,2597,18022,9468,392555,334698,1457,1085,29291,17895,3997,1598
2025‑06‑19 12:01:01,3199,2600,18084,9499,395470,337343,1465,1089,29314,17901,4007,1603
2025‑06‑19 15:01:01,3219,2614,18155,9554,397693,339372,1476,1099,29344,17917,4011,1603
2025‑06‑19 18:01:01,3224,2616,18255,9624,400057,341541,1484,1107,29362,17926,4007,1601
2025‑06‑19 21:00:56,3233,2621,18333,9676,402857,344080,1503,1118,29385,17945,4014,1604
2025‑06‑20 00:01:17,3242,2628,18387,9720,405133,346100,1531,1130,29390,17958,4010,1602
2025‑06‑20 03:21:50,3254,2639,17542,9750,407378,348062,1562,1152,29423,17985,3999,1596
2025‑06‑20 06:01:06,3258,2641,17401,9761,408599,349168,1576,1163,29448,17996,3999,1596
2025‑06‑20 09:00:56,3317,2692,17449,9796,410133,350541,1598,1183,29486,18025,4001,1599
2025‑06‑20 12:00:57,3325,2698,17339,9820,411910,352092,1627,1205,29514,18043,4004,1599
2025‑06‑20 15:01:01,3340,2706,17410,9859,413760,353638,1653,1212,29534,18056,4013,1602
2025‑06‑20 18:00:52,3358,2716,17464,9894,415902,355471,1681,1235,29619,18103,4006,1599
2025‑06‑20 21:00:53,3382,2736,17352,9914,418242,357619,1721,1256,29653,18125,4017,1603
2025‑06‑21 00:01:06,3407,2752,17273,9945,420415,359572,1729,1266,29617,18077,4027,1613
2025‑06‑21 03:20:30,3421,2766,17336,9969,421881,360878,1755,1288,29634,18092,4028,1613
2025‑06‑21 06:00:54,3425,2769,17365,9990,423297,362137,1757,1289,29645,18101,4029,1609
2025‑06‑21 09:01:01,3433,2776,17410,10025,425081,363904,1766,1302,29658,18109,4032,1611
2025‑06‑21 12:00:54,3456,2790,17479,10046,427254,365847,1783,1313,29678,18124,4037,1611
2025‑06‑21 15:01:12,3472,2799,17529,10074,428555,367000,1804,1331,29709,18147,4042,1613
2025‑06‑21 18:00:53,3492,2808,17596,10124,430896,369092,1831,1355,29734,18166,4046,1614
2025‑06‑21 21:01:00,3499,2813,17648,10159,433611,371519,1850,1371,29752,18173,4047,1616
2025‑06‑22 00:01:10,3506,2821,17581,10197,435344,373059,1863,1379,29757,18173,4048,1616
2025‑06‑22 03:27:28,3518,2830,17579,10200,437065,374611,1875,1388,29771,18186,4050,1616
2025‑06‑22 06:00:55,3494,2808,17605,10218,438511,375917,1890,1399,29791,18195,4056,1617
2025‑06‑22 09:01:00,3502,2817,17633,10244,438637,375842,1906,1412,29808,18204,4058,1617
2025‑06‑22 12:00:51,3528,2836,17674,10277,440324,377314,1925,1419,29819,18210,4061,1621
2025‑06‑22 15:00:51,3511,2824,17692,10309,442525,379255,1935,1425,29839,18219,4063,1621
2025‑06‑22 18:00:54,3626,2869,17733,10343,444857,381318,1966,1449,29855,18235,4063,1621
2025‑06‑22 21:00:58,3636,2877,17781,10366,447147,383378,1996,1474,29851,18236,4068,1624
2025‑06‑23 00:01:15,3638,2880,17819,10395,449097,385085,2022,1497,29862,18245,4089,1643
2025‑06‑23 03:27:52,3649,2890,17818,10398,449531,385377,2040,1510,29878,18251,4099,1651
2025‑06‑23 06:01:04,3711,2852,17838,10413,450437,386193,2046,1514,29891,18254,4110,1657
2025‑06‑23 09:01:51,3712,2853,17855,10430,452013,387521,2056,1521,29832,18196,4120,1668
2025‑06‑23 12:01:00,3723,2856,17890,10453,454234,389607,2077,1534,29864,18217,4124,1669
2025‑06‑23 15:01:28,3760,2884,17960,10481,456566,391659,2089,1541,29901,18243,4124,1669
2025‑06‑23 18:00:55,3768,2897,18018,10509,459294,394160,2123,1566,29943,18263,4119,1666
2025‑06‑23 21:00:56,3784,2908,18006,10533,461798,396385,2162,1590,29986,18299,4120,1666
2025‑06‑24 00:01:04,3793,2908,18068,10559,463538,397970,2189,1612,30018,18321,4122,1667
2025‑06‑24 03:23:20,3805,2922,18146,10595,465457,399631,2233,1647,30042,18333,4123,1667
2025‑06‑24 06:01:06,3888,2931,18172,10604,467102,401071,2244,1657,30068,18353,4124,1667
2025‑06‑24 09:01:39,3920,2956,18224,10639,468316,402129,2260,1661,30090,18362,4126,1667
2025‑06‑24 12:01:05,3936,2974,18260,10655,470128,403713,2281,1686,30099,18368,4129,1668
2025‑06‑24 15:01:05,3948,2985,18298,10678,472184,405527,2282,1684,30123,18379,4129,1668
2025‑06‑24 18:01:03,3960,2995,18392,10725,474523,407665,2311,1708,30153,18390,4129,1668
2025‑06‑24 21:00:58,3961,2999,18402,10776,476966,409768,2331,1723,30167,18400,4130,1668
2025‑06‑25 00:01:16,3961,3001,18472,10819,478508,411109,2351,1733,30182,18408,4157,1685
2025‑06‑25 03:24:21,3997,3022,18348,10848,480327,412670,2370,1746,30206,18427,4164,1691
2025‑06‑25 06:01:01,4007,3029,18040,10885,481483,413704,2383,1758,30210,18443,4164,1691
2025‑06‑25 09:01:57,4009,3030,17924,10903,482908,414962,2409,1773,30197,18427,4164,1692
2025‑06‑25 12:00:55,4021,3041,17971,10929,485079,416934,2435,1789,30227,18449,4165,1692
2025‑06‑25 15:01:01,4033,3049,18062,10981,487657,419232,2452,1803,30263,18476,4171,1692
2025‑06‑25 18:01:01,4071,3058,18141,11034,490111,421386,2480,1822,30271,18486,4172,1692
2025‑06‑25 21:00:40,4078,3064,18202,11062,490850,422172,2512,1839,30289,18504,4172,1692
2025‑06‑26 00:01:16,4081,3066,18256,11088,492101,423239,2535,1858,30321,18532,4172,1692
2025‑06‑26 03:23:15,4089,3073,18309,11111,494038,425047,2551,1870,30363,18563,4173,1692
2025‑06‑26 06:00:59,4094,3075,18332,11126,494774,425718,2568,1884,30373,18569,4175,1692
2025‑06‑26 09:01:24,4109,3084,18428,11167,496282,427020,2587,1897,30387,18574,4179,1693
2025‑06‑26 12:00:57,4119,3091,18477,11200,498554,429071,2598,1905,30402,18586,4183,1694
2025‑06‑26 15:00:53,4128,3107,18574,11245,500235,430583,2630,1926,30432,18601,4184,1695
2025‑06‑26 18:01:06,4137,3115,18737,11333,502275,432462,2657,1949,30415,18578,4184,1695
2025‑06‑26 21:01:07,4148,3123,18855,11400,504365,434362,2686,1972,30424,18585,4189,1696
2025‑06‑27 00:01:43,4156,3129,18929,11451,505720,435557,2702,1987,30442,18588,4188,1695
2025‑06‑27 03:24:14,4163,3136,18995,11472,507563,437270,2725,2003,30455,18601,4188,1695
2025‑06‑27 06:00:54,4172,3153,19034,11492,508936,438532,2727,2004,30449,18590,4188,1695
2025‑06‑27 09:01:14,4178,3162,19107,11529,510330,439821,2734,2008,30463,18604,4192,1695
2025‑06‑27 12:01:01,4192,3176,19174,11563,511327,440704,2757,2019,30477,18612,4192,1695
2025‑06‑27 15:01:07,4194,3179,19278,11627,512928,442119,2759,2026,30487,18620,4195,1695
2025‑06‑27 18:00:54,4200,3183,19391,11697,514346,443384,2781,2040,30573,18626,4197,1696
2025‑06‑27 21:01:05,4223,3201,19523,11787,516403,445187,2803,2062,30588,18637,4199,1696
2025‑06‑28 00:01:04,4231,3204,19610,11835,518321,446915,2817,2071,30599,18639,4200,1697
2025‑06‑28 03:20:27,4235,3205,19667,11860,519659,448129,2832,2082,30624,18657,4200,1697
2025‑06‑28 06:00:52,4237,3214,19711,11887,520692,449032,2842,2088,30606,18639,4204,1699
2025‑06‑28 09:00:51,4267,3242,19777,11937,521941,450094,2851,2095,30622,18649,4204,1699
2025‑06‑28 12:00:53,4281,3265,19825,11956,523339,451318,2859,2096,30604,18631,4204,1699
2025‑06‑28 15:00:51,4274,3277,19888,11992,525003,452902,2871,2105,30619,18644,4209,1702
2025‑06‑28 18:00:50,4274,3283,19945,12029,526315,454029,2883,2120,30641,18660,4210,1702
2025‑06‑28 21:00:58,4275,3286,20018,12064,528249,455751,2912,2142,30655,18663,4214,1705
2025‑06‑29 00:01:18,4280,3289,20074,12092,529879,457211,2938,2164,30665,18675,4223,1711
2025‑06‑29 03:28:32,4328,3297,20118,12109,531620,458788,2955,2171,30687,18693,4224,1711
2025‑06‑29 06:00:53,4335,3301,20217,12123,533001,460071,2962,2177,30701,18705,4223,1711
2025‑06‑29 09:00:55,4345,3312,20264,12156,534186,461117,2971,2179,30717,18719,4224,1712
2025‑06‑29 12:00:55,4408,3336,20204,12097,535438,462223,2979,2186,30693,18709,4225,1712
2025‑06‑29 15:00:49,4441,3350,20276,12157,536823,463431,2992,2197,30700,18714,4227,1714
2025‑06‑29 18:01:01,4451,3354,20436,12294,538887,465243,3012,2208,30708,18718,4229,1716
2025‑06‑29 21:00:49,4455,3355,20518,12335,540544,466686,3045,2242,30716,18722,4235,1721
2025‑06‑30 00:01:03,4461,3365,20687,12368,542201,468155,3059,2252,30727,18731,4243,1728
2025‑06‑30 03:27:21,4472,3374,20828,12394,544034,469749,3066,2263,30735,18737,4245,1728
2025‑06‑30 06:00:57,4474,3374,20896,12428,545033,470668,3090,2281,30747,18746,4246,1728
2025‑06‑30 09:01:39,4485,3384,20962,12476,546354,471768,3105,2291,30757,18751,4238,1722
2025‑06‑30 12:01:07,4493,3390,21033,12513,547931,473169,3120,2307,30779,18771,4242,1724
2025‑06‑30 15:01:08,4500,3397,21158,12579,549946,474947,3148,2329,30776,18762,4247,1725
2025‑06‑30 18:00:50,4487,3391,21303,12637,551546,476298,3257,2394,30757,18747,4247,1726
2025‑06‑30 21:00:55,4496,3400,21447,12696,553283,478023,3357,2453,30768,18753,4247,1726
2025‑07‑01 00:01:09,4500,3406,21622,12733,554975,479537,3474,2519,30776,18758,4140,1663
2025‑07‑01 03:28:44,4518,3421,21775,12780,556608,481024,3582,2592,30786,18774,4142,1664
2025‑07‑01 06:00:52,4546,3422,21861,12825,557806,482077,3665,2649,30796,18780,4143,1664
2025‑07‑01 09:01:58,4592,3425,21987,12886,558922,483024,3799,2749,30808,18789,4146,1664
2025‑07‑01 12:01:01,4625,3449,22119,12953,560340,484317,3930,2847,30827,18806,4150,1667
2025‑07‑01 15:01:12,4649,3480,22291,13025,562147,485927,4061,2934,30846,18815,4152,1669
2025‑07‑01 18:01:02,4680,3484,22471,13130,564126,487708,4216,3041,30856,18820,4155,1672
2025‑07‑01 21:01:00,4686,3490,22616,13210,564801,488116,4442,3229,30879,18832,4162,1674
2025‑07‑02 00:01:11,4696,3498,22728,13259,565964,489107,4545,3298,30903,18849,4167,1677
2025‑07‑02 03:23:39,4743,3523,22824,13316,567124,490146,4696,3411,30903,18853,4172,1680
2025‑07‑02 06:00:54,4772,3553,22912,13357,568407,491337,4763,3466,30939,18869,4177,1680
2025‑07‑02 09:01:53,4792,3570,23050,13434,570000,492775,4875,3554,30964,18887,4180,1680
2025‑07‑02 12:01:01,4800,3576,23178,13499,571525,494097,4983,3631,30990,18899,4165,1675
2025‑07‑02 15:00:55,4825,3602,23398,13605,572656,495040,5120,3745,31015,18913,4165,1676
2025‑07‑02 18:01:02,4842,3614,23535,13674,574487,496647,5253,3854,31047,18924,4167,1677
2025‑07‑02 21:00:57,4854,3628,23697,13762,576748,498637,5406,3970,31072,18941,4167,1677
2025‑07‑03 00:01:15,4859,3630,23890,13897,577820,499566,5491,4033,31071,18949,4169,1677
2025‑07‑03 03:25:00,4872,3646,24002,13952,579420,501049,5576,4100,31097,18963,4171,1678
2025‑07‑03 06:01:09,4881,3665,24091,14000,580221,501778,5685,4172,31116,18972,4171,1678
2025‑07‑03 09:01:29,4891,3678,24199,14055,581049,502607,5792,4248,31145,18990,4171,1678
2025‑07‑03 12:00:59,4905,3693,24304,14110,582217,503612,5892,4318,31174,19013,4167,1675
2025‑07‑03 15:01:08,4919,3721,24448,14195,583671,504893,6026,4428,31204,19034,4168,1675
2025‑07‑03 18:00:54,4928,3732,24686,14294,585097,506175,6173,4542,31229,19049,4169,1676
2025‑07‑03 21:00:58,4937,3738,24869,14387,586319,507216,6299,4626,31251,19069,4170,1676
2025‑07‑04 00:01:05,4948,3751,24970,14453,587827,508563,6470,4737,31285,19085,4171,1676
2025‑07‑04 03:23:14,4957,3762,25075,14485,589113,509696,6613,4841,31311,19105,4171,1676
2025‑07‑04 06:00:52,4965,3768,25138,14521,590046,510459,6729,4923,31331,19117,4171,1677
2025‑07‑04 09:01:14,4977,3784,25272,14577,591263,511504,6817,4980,31357,19144,4172,1677
2025‑07‑04 12:00:54,4973,3785,25469,14682,592408,512344,6963,5081,31376,19161,4173,1678
2025‑07‑04 15:00:57,4986,3798,25639,14781,594102,513782,7106,5181,31395,19179,4173,1680
2025‑07‑04 18:00:55,4999,3803,25785,14865,596310,515770,7253,5295,31421,19201,4175,1681
2025‑07‑04 21:00:53,5009,3808,25926,14943,599024,518271,7401,5411,31428,19211,4175,1681
2025‑07‑05 00:01:04,5015,3819,26058,15019,600966,520013,7489,5481,31435,19213,4175,1681
2025‑07‑05 03:20:36,5025,3827,26152,15073,601820,520689,7601,5560,31441,19221,4175,1682
2025‑07‑05 06:00:50,5034,3839,26220,15105,602635,521353,7720,5657,31450,19228,4175,1682
2025‑07‑05 09:00:47,5037,3857,26350,15177,603021,521650,7855,5775,31453,19236,4175,1682
2025‑07‑05 12:01:07,5046,3864,26458,15259,604445,522916,7983,5886,31464,19247,4175,1683
2025‑07‑05 15:00:53,5056,3882,26576,15343,606011,524320,8154,6011,31481,19260,4175,1683
2025‑07‑05 18:00:48,5066,3888,26683,15402,607512,525673,8303,6116,31497,19270,4175,1683
2025‑07‑05 21:00:56,5075,3894,26763,15441,609055,527070,8414,6211,31500,19277,4178,1686
2025‑07‑06 00:01:14,5076,3897,26854,15483,610528,528372,8566,6337,31509,19281,4178,1686
2025‑07‑06 03:28:02,5083,3900,26914,15523,611966,529642,8703,6450,31520,19288,4180,1688
2025‑07‑06 06:00:51,5098,3910,26974,15563,613196,530790,8777,6508,31522,19285,4181,1688
2025‑07‑06 09:00:45,5102,3915,27063,15605,614230,531678,8899,6611,31532,19293,4181,1688
2025‑07‑06 12:00:58,5105,3918,27155,15656,615388,532681,9027,6722,31540,19298,4182,1689
2025‑07‑06 15:00:51,5111,3924,27265,15703,617473,534556,9221,6877,31548,19302,4181,1688
2025‑07‑06 18:00:58,5121,3931,27377,15763,619200,536045,9383,6999,31567,19309,4182,1689
2025‑07‑06 21:00:55,5123,3936,27487,15823,620978,537654,9416,7014,31575,19318,4198,1696
2025‑07‑07 00:00:59,5128,3946,27586,15877,622232,538766,9554,7135,31585,19324,4197,1697
2025‑07‑07 03:27:34,5142,3957,27707,15938,623787,540128,9681,7228,31608,19338,4207,1703
2025‑07‑07 06:00:57,5152,3965,27791,15970,625017,541283,9755,7296,31632,19361,4211,1706
2025‑07‑07 09:01:51,5069,3886,27901,16005,626382,542490,9840,7370,31652,19372,4215,1710
2025‑07‑07 12:00:56,5075,3896,28040,16079,626964,543006,9970,7482,31660,19379,4215,1710
2025‑07‑07 15:01:03,5081,3924,28198,16178,628851,544701,10120,7582,31694,19394,4215,1710
2025‑07‑07 18:00:55,5089,3931,28504,16363,630727,546404,10284,7721,31714,19404,4216,1710
2025‑07‑07 21:00:52,5113,3947,28675,16464,632469,547957,10409,7815,31718,19408,4222,1712
2025‑07‑08 00:01:07,5124,3953,28755,16491,635144,550359,10533,7915,31732,19414,4234,1719
2025‑07‑08 03:24:18,5134,3965,28875,16557,636703,551776,10649,8012,31750,19421,4253,1725
2025‑07‑08 06:01:04,5142,3982,28968,16602,637526,552491,10755,8089,31765,19436,4258,1726
2025‑07‑08 09:02:01,5167,4008,29119,16658,638371,553312,10876,8189,31775,19448,4259,1727
2025‑07‑08 12:00:57,5176,4024,29294,16729,639174,554238,11011,8288,31784,19449,4260,1727
2025‑07‑08 15:00:57,5194,4040,29547,16855,641079,555920,11142,8404,31803,19454,4260,1727
2025‑07‑08 18:01:03,5210,4051,29759,16959,642761,557436,11246,8483,31814,19467,4262,1728
2025‑07‑08 21:00:55,5219,4061,29911,17022,645347,559757,11389,8587,31818,19471,4263,1727
2025‑07‑09 00:01:02,5233,4073,30044,17098,646601,560942,11512,8685,31829,19481,4264,1728
2025‑07‑09 03:26:13,5253,4083,30165,17161,647962,562205,11585,8750,31848,19495,4268,1731
2025‑07‑09 06:00:54,5269,4107,30285,17237,648800,562963,11715,8852,31862,19504,4269,1731
2025‑07‑09 09:02:26,5295,4133,30450,17312,650077,564113,11861,8972,31876,19515,4270,1732
2025‑07‑09 12:01:05,5306,4147,30591,17346,651549,565408,11972,9051,31892,19523,4273,1734
2025‑07‑09 15:01:02,5327,4172,30774,17433,651603,565370,12123,9183,31908,19534,4277,1736
2025‑07‑09 18:00:59,5340,4178,31043,17549,654850,568390,12281,9301,31929,19546,4283,1740
2025‑07‑09 21:01:06,5347,4184,31133,17607,656676,570114,12477,9440,31942,19550,4288,1742
2025‑07‑10 00:01:16,5361,4194,31293,17677,658534,571852,12598,9541,31957,19562,4302,1750
2025‑07‑10 03:25:56,5385,4212,31441,17761,659733,572981,12739,9645,31977,19580,4305,1751
2025‑07‑10 06:00:57,5408,4227,31563,17817,660524,573705,12834,9718,32058,19649,4306,1751
2025‑07‑10 09:01:58,5421,4240,31758,17898,661856,574768,12948,9820,31906,19490,4310,1753
2025‑07‑10 12:01:00,5389,4209,31880,17959,662776,575569,13075,9921,31922,19494,4312,1756
2025‑07‑10 15:00:58,5413,4238,32025,18016,664826,577440,13284,10075,31933,19507,4315,1756
2025‑07‑10 18:00:54,5432,4258,32165,18078,665925,578407,13447,10215,31941,19507,4322,1756
2025‑07‑10 21:01:00,5440,4270,32361,18174,668150,580429,13609,10324,31965,19516,4325,1757
2025‑07‑11 00:00:59,5465,4289,32516,18265,669442,581644,13753,10449,32001,19528,4334,1761
2025‑07‑11 03:28:19,5493,4311,32676,18342,670334,582425,13913,10575,32022,19556,4336,1761
2025‑07‑11 06:00:52,5508,4331,32736,18339,670993,583008,14018,10667,32026,19556,4338,1761
2025‑07‑11 09:01:46,5527,4344,32951,18440,671982,583913,14127,10751,32037,19558,4349,1764
2025‑07‑11 12:00:58,5545,4364,33103,18536,673059,584837,14299,10881,32057,19571,4351,1765
2025‑07‑11 15:00:58,5566,4402,33281,18613,674356,585896,14462,10993,32069,19584,4354,1765
2025‑07‑11 18:01:01,5592,4417,33520,18762,675997,587340,14615,11106,32077,19587,4356,1765
2025‑07‑11 21:00:53,5598,4422,33728,18872,677106,588360,14742,11204,32086,19596,4360,1767
2025‑07‑12 00:01:09,5604,4429,33891,18969,678516,589645,14859,11279,32109,19611,4362,1767
2025‑07‑12 03:27:40,5624,4447,34020,19037,678571,589628,14970,11352,32119,19616,4362,1768
2025‑07‑12 06:00:50,5642,4458,34141,19113,679304,590289,15044,11393,32118,19612,4363,1768
2025‑07‑12 09:00:48,5660,4473,34270,19191,680177,591098,15159,11489,32076,19571,4363,1768
2025‑07‑12 12:00:56,5680,4488,34407,19268,681157,591903,15277,11584,32082,19573,4366,1769
2025‑07‑12 15:00:55,5690,4525,34595,19363,681671,592294,15404,11688,32089,19579,4366,1770
2025‑07‑12 18:00:53,5715,4554,34759,19478,683381,593821,15530,11771,32103,19592,4377,1776
2025‑07‑12 21:00:56,5733,4568,34943,19575,684378,594708,15621,11846,32109,19593,4383,1780
2025‑07‑13 00:01:10,5742,4580,35108,19634,685947,596134,15739,11932,32113,19596,4385,1780
2025‑07‑13 03:29:17,5771,4608,35277,19744,687271,597309,15844,12020,32125,19605,4389,1782
2025‑07‑13 06:00:57,5786,4639,35391,19800,688236,598162,15914,12076,32141,19613,4390,1783
2025‑07‑13 09:00:57,5810,4672,35495,19874,688990,598836,16097,12196,32154,19621,4391,1784
2025‑07‑13 12:01:03,5844,4700,35686,19991,690307,599999,16175,12246,32160,19624,4395,1787
2025‑07‑13 15:00:48,5864,4717,35881,20071,691967,601589,16305,12339,32175,19634,4399,1787
2025‑07‑13 18:00:55,5898,4739,36018,20145,693338,602789,16502,12492,32190,19646,4400,1787
2025‑07‑13 21:00:54,5920,4759,36181,20252,694969,604180,16662,12591,32210,19661,4415,1796
2025‑07‑14 00:01:12,5941,4771,36363,20343,697204,606258,16779,12682,32227,19674,4435,1814
2025‑07‑14 03:29:20,5970,4788,36473,20426,698003,606982,16852,12747,32250,19698,4436,1814
2025‑07‑14 06:00:59,5992,4808,36482,20481,698658,607561,16941,12812,32257,19701,4439,1816
2025‑07‑14 09:03:57,6012,4822,36659,20598,699593,608351,17096,12927,32270,19709,4440,1817
2025‑07‑14 12:01:11,5999,4814,36818,20679,700721,609321,17220,13016,32281,19716,4442,1817
2025‑07‑14 15:01:00,6036,4851,36989,20777,699863,608615,17329,13107,32289,19724,4446,1817
2025‑07‑14 18:01:04,6076,4878,37219,20913,701037,609615,17479,13219,32305,19731,4454,1822
2025‑07‑14 21:00:59,6102,4887,37480,21039,702295,610727,17608,13306,32320,19737,4461,1825
2025‑07‑15 00:01:19,6124,4913,37761,21210,703919,612236,17706,13391,32342,19753,4461,1825
2025‑07‑15 03:28:48,6152,4941,37978,21288,704857,613077,17854,13503,32359,19767,4464,1830
2025‑07‑15 06:01:02,6171,4963,38181,21367,705716,613856,17928,13557,32385,19783,4468,1832
2025‑07‑15 09:05:29,6197,4979,38322,21437,706457,614515,18041,13644,32410,19804,4476,1833
2025‑07‑15 12:01:10,6227,4999,38544,21569,710056,617761,18181,13748,32439,19822,4468,1832
2025‑07‑15 15:01:06,6229,4997,38800,21718,712003,619433,18332,13854,32462,19836,4469,1833
2025‑07‑15 18:01:04,6258,5012,38954,21773,713550,620804,18499,13971,32492,19852,4471,1834
2025‑07‑15 21:00:53,6278,5028,39194,21922,715333,622434,18655,14100,32527,19868,4474,1834
2025‑07‑16 00:01:13,6326,5066,39406,22023,716629,623642,18796,14208,32545,19880,4478,1837
2025‑07‑16 03:28:15,6341,5075,39555,22118,718113,624843,18931,14308,32566,19898,4483,1842
2025‑07‑16 06:01:01,6353,5089,39572,22109,718332,625130,19012,14363,32584,19905,4486,1847
2025‑07‑16 09:03:06,6372,5105,39728,22200,718986,625689,19129,14435,32593,19908,4486,1847
2025‑07‑16 12:00:59,6388,5113,39956,22335,720700,627276,19267,14541,32627,19921,4487,1847
2025‑07‑16 15:01:07,6389,5125,40159,22432,722678,629059,19415,14657,32650,19933,4490,1847
2025‑07‑16 18:01:04,6401,5135,40407,22562,724255,630450,19583,14788,32660,19939,4494,1850
2025‑07‑16 21:01:02,6411,5144,40610,22657,726014,632053,19712,14889,32690,19957,4494,1850
2025‑07‑17 00:01:08,6433,5162,40823,22779,726881,632819,19815,14961,32698,19967,4497,1850
2025‑07‑17 03:28:11,6454,5176,41007,22873,727385,633282,19941,15042,32637,19910,4498,1850
2025‑07‑17 06:01:02,6460,5187,41121,22935,727831,633670,20095,15157,32655,19914,4499,1851
2025‑07‑17 09:02:47,6475,5195,41336,23061,728933,634635,20276,15293,32643,19893,4500,1851
2025‑07‑17 12:00:56,6492,5212,41533,23181,730028,635613,20417,15404,32672,19910,4501,1851
2025‑07‑17 15:01:02,6512,5225,41838,23375,732170,637576,20580,15522,32690,19921,4502,1852
2025‑07‑17 18:01:01,6527,5235,42050,23499,733875,639100,20727,15621,32713,19933,4505,1852
2025‑07‑17 21:00:57,6538,5246,42265,23622,735257,640317,20949,15792,32728,19940,4512,1856
2025‑07‑18 00:00:58,6557,5264,42481,23727,736423,641336,21072,15893,32740,19949,4519,1858
2025‑07‑18 03:28:33,6571,5271,42817,23911,737233,642042,21170,15983,32726,19924,4519,1859
2025‑07‑18 06:01:02,6589,5285,42945,23982,738060,642765,21256,16057,32738,19930,4520,1859
2025‑07‑18 09:02:57,6601,5297,43132,24095,739338,643861,21406,16166,32752,19941,4520,1859
2025‑07‑18 12:00:57,6625,5314,43305,24187,740950,645328,21557,16300,32762,19951,4533,1861
2025‑07‑18 15:00:58,6665,5348,43575,24361,742302,646566,21711,16422,32782,19967,4547,1875
2025‑07‑18 18:00:59,6695,5368,43833,24453,743500,647593,21817,16514,32820,19994,4565,1877
2025‑07‑18 21:00:49,6712,5380,44084,24613,745122,649073,21920,16591,32840,20001,4572,1894
2025‑07‑19 00:01:23,6731,5400,44269,24756,746138,649978,22019,16670,32864,20018,4583,1900
2025‑07‑19 03:26:37,6749,5409,44438,24856,746663,650396,22119,16749,32876,20022,4589,1902
2025‑07‑19 06:00:56,6754,5415,44579,24938,747456,651123,22215,16819,32885,20025,4589,1902
2025‑07‑19 09:00:48,6768,5432,44690,25019,748601,652072,22321,16904,32893,20037,4590,1902
2025‑07‑19 12:01:02,6750,5422,44775,25072,749337,652662,22441,17010,32900,20044,4600,1910
2025‑07‑19 15:01:00,6758,5424,44994,25226,751012,654145,22562,17093,32921,20054,4610,1915
2025‑07‑19 18:00:54,6770,5433,45195,25369,752097,655125,22681,17184,32936,20062,4613,1917
2025‑07‑19 21:00:57,6776,5436,45389,25507,753574,656420,22805,17263,32950,20069,4615,1919
2025‑07‑20 00:01:08,6786,5447,45620,25681,754855,657590,22953,17361,32963,20080,4616,1920
2025‑07‑20 03:30:24,6801,5460,45787,25789,755978,658593,23086,17456,32979,20092,4617,1920
2025‑07‑20 06:00:52,6810,5470,45853,25834,757107,659610,23193,17529,32989,20103,4618,1920
2025‑07‑20 09:00:56,6831,5485,46003,25931,758853,661205,23334,17637,32985,20106,4618,1920
2025‑07‑20 12:00:58,6848,5498,46143,26045,759922,662190,23459,17737,32987,20110,4623,1925
2025‑07‑20 15:00:57,6862,5512,46347,26190,760594,662919,23655,17894,32995,20112,4628,1926
2025‑07‑20 18:00:56,6875,5520,46529,26343,762233,664432,23844,18047,32999,20126,4628,1926
2025‑07‑20 21:00:46,6891,5533,46754,26537,763621,665679,24003,18187,33019,20138,4631,1927
2025‑07‑21 00:01:15,6905,5542,46889,26620,764967,666884,24147,18303,33050,20152,4641,1933
2025‑07‑21 03:29:56,6932,5562,47047,26736,766184,667994,24355,18499,33074,20166,4647,1937
2025‑07‑21 06:00:59,6939,5564,47147,26822,766575,668343,24413,18547,33094,20173,4648,1937
2025‑07‑21 09:03:54,6948,5571,47301,26916,767637,669276,24599,18696,33133,20203,4648,1938
2025‑07‑21 12:01:08,6970,5590,47499,27039,768654,670174,24825,18862,33157,20232,4654,1942
2025‑07‑21 15:00:59,6979,5597,47814,27239,769927,671315,25007,18995,33175,20249,4660,1943
2025‑07‑21 18:01:00,6995,5612,48203,27461,771453,672663,25264,19197,33192,20259,4664,1946
2025‑07‑21 21:00:55,7026,5624,48407,27605,772262,673306,25545,19437,33184,20246,4668,1949
2025‑07‑22 00:01:03,7034,5632,48637,27737,774054,674986,25739,19595,33205,20258,4672,1949
2025‑07‑22 03:28:37,7049,5648,48796,27862,775454,676280,25915,19713,33228,20267,4674,1949
2025‑07‑22 06:00:49,7063,5656,48873,27932,775541,676382,26122,19890,33240,20273,4680,1953
2025‑07‑22 09:03:11,7079,5670,48933,27971,776947,677716,26346,20084,33250,20277,4684,1955
2025‑07‑22 12:00:59,7094,5680,49032,28034,778032,678730,26601,20302,33278,20291,4706,1962
2025‑07‑22 15:01:23,7111,5695,49292,28192,779143,679622,26829,20487,33295,20306,4712,1965
2025‑07‑22 18:00:56,7118,5706,49580,28354,780022,680432,27045,20666,33349,20331,4732,1969
2025‑07‑22 21:00:58,7129,5720,49868,28496,781884,682113,27249,20836,33386,20352,4727,1964
2025‑07‑23 00:01:17,7154,5738,50030,28585,782089,682189,27474,21001,33408,20365,4729,1967
2025‑07‑23 03:29:04,7169,5755,50194,28683,783319,683324,27631,21126,33298,20270,4733,1970
2025‑07‑23 06:01:25,7182,5768,50283,28730,784379,684217,27755,21217,33318,20281,4748,1974
2025‑07‑23 09:03:50,7200,5777,50508,28876,785546,685265,27925,21340,33346,20295,4753,1988
2025‑07‑23 12:00:56,7213,5782,50725,29037,787090,686634,28083,21461,33392,20313,4762,1991
2025‑07‑23 15:01:43,7226,5791,50998,29210,788106,687551,28277,21614,33429,20338,4770,1999
2025‑07‑23 18:00:56,7261,5813,51280,29383,790444,689510,28450,21728,33460,20353,4778,2000
2025‑07‑23 21:00:55,7268,5819,51497,29543,791925,690805,28601,21836,33481,20365,4782,2001
2025‑07‑24 00:01:16,7292,5838,51727,29662,792967,691780,28732,21940,33494,20372,4782,2001
2025‑07‑24 03:28:45,7320,5861,51933,29753,794250,692940,28903,22071,33533,20403,4770,1994
2025‑07‑24 06:00:59,7341,5877,52059,29812,795143,693757,28996,22140,33550,20418,4786,2000
2025‑07‑24 09:03:14,7367,5899,52275,29955,796123,694631,29239,22319,33576,20431,4792,2002
2025‑07‑24 12:00:59,7380,5910,52451,30071,797397,695797,29393,22448,33606,20450,4801,2012
2025‑07‑24 15:01:03,7399,5924,52715,30260,798287,696575,29647,22657,33632,20476,4808,2018
2025‑07‑24 18:00:58,7414,5936,52904,30384,800293,698415,29907,22873,33671,20482,4816,2024
2025‑07‑24 21:01:04,7436,5955,53203,30559,802561,700448,30086,22993,33707,20506,4823,2028
2025‑07‑25 00:01:04,7455,5967,53497,30773,804041,701724,30278,23144,33739,20525,4826,2030
2025‑07‑25 03:28:42,7465,5980,53716,30899,805318,702786,30476,23215,33769,20544,4829,2032
2025‑07‑25 06:01:00,7481,6000,53886,31029,805743,703173,30694,23271,33781,20551,4832,2033
2025‑07‑25 09:02:44,7496,6012,54139,31177,807311,704601,31030,23406,33798,20559,4835,2036
2025‑07‑25 12:00:56,7519,6028,54369,31352,808409,705617,31322,23515,33809,20567,4836,2037
2025‑07‑25 15:00:55,7539,6043,54653,31541,809712,706815,31588,23601,33831,20578,4837,2037
2025‑07‑25 18:00:58,7553,6054,54892,31719,811707,708589,31949,23747,33853,20591,4843,2040
2025‑07‑25 21:00:57,7567,6065,55044,31793,812439,709258,32257,23846,33876,20611,4849,2043
2025‑07‑26 00:01:12,7579,6071,55221,31925,813669,710370,32453,23932,33910,20637,4841,2038
2025‑07‑26 03:28:05,7599,6085,55327,31972,814873,711451,32673,24000,33930,20649,4848,2041
2025‑07‑26 06:00:51,7609,6093,55507,32097,815665,712148,32907,24111,33988,20660,4852,2042
2025‑07‑26 09:00:51,7596,6086,55685,32209,816688,712992,33108,24155,34008,20682,4858,2043
2025‑07‑26 12:00:55,7624,6110,55778,32286,817776,713988,33380,24285,34003,20670,4862,2044
2025‑07‑26 15:00:57,7641,6125,56054,32481,819808,715853,33616,24370,34007,20672,4862,2044
2025‑07‑26 18:00:58,7657,6138,56230,32618,821434,717342,33959,24508,34013,20675,4866,2047
2025‑07‑26 21:00:48,7675,6155,56405,32745,823029,718771,34173,24536,34006,20667,4869,2048
2025‑07‑27 00:01:10,7683,6161,56615,32865,824275,719835,34373,24606,34018,20676,4869,2049
2025‑07‑27 03:30:40,7696,6175,56766,32975,825763,721203,34611,24747,34031,20684,4877,2049
2025‑07‑27 06:00:49,7700,6177,56853,33028,827755,722998,34742,24798,34039,20686,4881,2057
2025‑07‑27 09:01:14,7721,6192,57034,33168,828567,723698,35045,24932,34053,20693,4891,2063
2025‑07‑27 12:01:05,7735,6199,57246,33317,829476,724497,35441,25132,34063,20700,4891,2062
2025‑07‑27 15:00:37,7741,6205,57478,33502,830918,725849,35819,25343,34071,20718,4896,2067
2025‑07‑27 18:01:01,7745,6205,57853,33691,831620,726777,36209,25542,34079,20720,4899,2069
2025‑07‑27 21:00:46,7757,6214,58206,33878,832830,727865,36437,25663,34082,20725,4902,2073
2025‑07‑28 00:01:12,7763,6222,58388,33978,833935,728790,36697,25777,34097,20731,4912,2077
2025‑07‑28 03:30:18,7774,6233,58586,34114,835259,729925,36922,25857,34122,20742,4912,2080
2025‑07‑28 06:01:32,7784,6243,58761,34223,836028,730601,37127,25942,34138,20747,4916,2083
2025‑07‑28 09:03:44,7805,6260,58982,34388,837185,731611,37502,26091,34139,20748,4919,2085
2025‑07‑28 12:01:01,7825,6275,59281,34565,837937,732255,37884,26252,34162,20756,4928,2092
2025‑07‑28 15:01:21,7837,6278,59539,34731,839512,733670,38126,26296,34184,20759,4944,2109
2025‑07‑28 18:00:55,7851,6290,59909,34949,841408,735357,38541,26466,34228,20783,4953,2115
2025‑07‑28 21:00:50,7849,6289,60171,35085,843078,736911,38876,26609,34270,20805,4967,2117
2025‑07‑29 03:32:07,7875,6310,60516,35315,845451,739067,39342,26815,34269,20821,4956,2105
2025‑07‑29 06:01:18,7896,6325,60765,35489,846524,740000,39526,26887,34327,20828,4971,2112
2025‑07‑29 09:03:42,7908,6331,60985,35648,847794,741135,39817,27008,34351,20846,4978,2114
2025‑07‑29 12:01:01,7917,6338,61170,35761,848454,741697,40135,27146,34392,20856,4985,2116
2025‑07‑29 15:02:15,7930,6346,61448,35906,850158,743232,40588,27358,34423,20878,4989,2117
2025‑07‑29 18:01:00,7940,6356,61772,36115,851392,744273,40930,27501,34531,20917,4998,2124
2025‑07‑29 21:00:55,7946,6368,62017,36270,852457,745200,41449,27723,34566,20933,5005,2127
2025‑07‑30 00:01:20,7973,6389,62274,36438,853792,746392,42017,28146,34610,20954,5010,2130
2025‑07‑30 03:29:50,7987,6398,62496,36574,855068,747492,42262,28259,34640,20974,5018,2134
2025‑07‑30 06:01:30,7988,6402,62668,36699,855772,748092,42516,28381,34657,20981,5026,2136
2025‑07‑30 09:04:12,7996,6406,62915,36856,856954,749169,42943,28579,34684,20988,5029,2137
2025‑07‑30 12:01:08,8006,6412,63266,37031,857901,750000,43164,28695,34716,20996,5032,2138
2025‑07‑30 15:00:57,8011,6422,63573,37228,858848,750831,43560,28886,34707,20981,5034,2139
2025‑07‑30 18:00:56,8017,6429,64045,37500,860649,752458,44114,29154,34743,20998,5039,2141
2025‑07‑30 21:00:54,8029,6436,64145,37578,861854,753549,44246,29120,34843,21012,5041,2143
2025‑07‑31 00:01:04,8029,6435,64411,37760,862884,754505,44494,29260,34867,21025,5045,2150
2025‑07‑31 03:29:33,8039,6443,64691,37936,864122,755590,44759,29377,34891,21052,5052,2154
2025‑07‑31 06:00:56,8050,6452,64864,38052,864972,756339,45239,29677,34917,21070,5056,2156
2025‑07‑31 09:03:24,8075,6469,65068,38174,865891,757178,45603,29837,34930,21075,5060,2159
2025‑07‑31 12:01:06,8092,6483,65292,38285,866837,758027,45979,30011,34966,21106,5066,2163
2025‑07‑31 15:01:24,8123,6502,65621,38458,868733,759664,46333,30151,34998,21127,5069,2167
2025‑07‑31 18:00:55,8150,6527,66031,38617,870260,761035,46815,30398,35064,21164,5074,2170
2025‑07‑31 21:00:55,8158,6533,66304,38784,871565,762219,47144,30561,35002,21176,5082,2177
2025‑08‑01 00:01:08,8176,6550,66550,38946,872674,763170,47367,30656,35030,21199,5050,2157
2025‑08‑01 03:35:03,8203,6578,66646,38976,873877,764221,47613,30758,35038,21210,5058,2165
2025‑08‑01 06:01:50,8218,6590,66901,39174,874845,765024,47822,30845,35062,21226,5065,2173
2025‑08‑01 09:03:18,8228,6598,67150,39306,875223,765286,48148,30986,35091,21245,5070,2174
2025‑08‑01 12:00:53,8234,6604,67480,39527,876191,766121,48546,31177,35108,21262,5073,2175
2025‑08‑01 15:00:54,8256,6619,67780,39711,876183,766046,48875,31341,35131,21271,5077,2176
2025‑08‑01 18:01:03,8270,6633,68109,39881,877561,767393,49199,31487,35153,21282,5084,2180
2025‑08‑01 21:00:54,8281,6637,68407,40061,879171,768815,49534,31647,35191,21297,5094,2184
2025‑08‑02 00:01:19,8310,6665,68612,40216,880224,769831,49674,31684,35208,21312,5096,2186
2025‑08‑02 03:27:55,8329,6686,68799,40323,881400,770855,49887,31786,35252,21351,5095,2189
2025‑08‑02 06:00:53,8336,6695,68797,40277,882448,771810,50088,31879,35279,21365,5095,2189
2025‑08‑02 09:01:46,8354,6710,68991,40411,883430,772704,50301,31930,35291,21373,5101,2191
2025‑08‑02 12:01:08,8362,6717,69181,40555,885332,774487,50688,32099,35313,21389,5109,2195
2025‑08‑02 15:00:50,8371,6727,69342,40683,886050,775092,51080,32294,35344,21412,5109,2195
2025‑08‑02 18:00:56,8381,6735,69549,40836,887230,776117,51423,32473,35387,21443,5112,2197
2025‑08‑02 21:00:50,8390,6742,69832,41046,888819,777532,51823,32667,35396,21452,5119,2202
2025‑08‑03 00:01:05,8408,6756,70043,41192,889845,778431,52019,32777,35416,21462,5122,2209
2025‑08‑03 03:33:07,8424,6770,70189,41259,891004,779502,52004,32676,35443,21477,5125,2210
2025‑08‑03 06:01:05,8433,6778,70303,41337,892104,780462,52194,32751,35450,21482,5131,2215
2025‑08‑03 09:01:04,8440,6782,70480,41455,893320,781595,52512,32929,35485,21509,5133,2218
2025‑08‑03 12:00:55,8444,6784,70685,41580,894790,782919,52843,33118,35510,21527,5133,2218
2025‑08‑03 15:00:57,8458,6796,70846,41716,895521,783578,53202,33290,35534,21548,5126,2212
2025‑08‑03 18:00:52,8483,6820,71117,41855,897498,785310,53725,33601,35554,21565,5130,2213
2025‑08‑03 21:00:54,8507,6832,71417,42075,899438,787074,53984,33722,35569,21577,5134,2215
2025‑08‑04 00:01:06,8519,6840,71589,42208,900340,787853,54306,33911,35588,21591,5148,2227
2025‑08‑04 03:35:39,8553,6867,71740,42296,901871,789182,54542,34023,35610,21597,5149,2227
2025‑08‑04 06:03:43,8560,6871,71875,42386,902844,790038,54702,34080,35624,21606,5154,2230
2025‑08‑04 09:04:18,8581,6889,72126,42538,904342,791408,55077,34261,35653,21628,5156,2231
2025‑08‑04 12:01:02,8603,6910,72329,42658,905878,792779,55546,34469,35687,21659,5157,2232
2025‑08‑04 15:01:13,8633,6928,72610,42853,907752,794383,55962,34662,35991,21661,5159,2233
2025‑08‑04 18:00:58,8649,6944,72909,43053,909167,795616,56140,34728,36042,21694,5161,2234
2025‑08‑04 21:00:54,8663,6957,73150,43204,910596,796932,56227,34831,36084,21725,5162,2234
2025‑08‑05 00:01:09,8674,6969,73284,43310,912185,798350,56523,34971,36137,21752,5172,2236
2025‑08‑05 03:30:26,8700,6992,73500,43453,913993,799933,56807,35109,36134,21751,5187,2241
2025‑08‑05 06:01:43,8708,7003,73713,43584,915128,800870,57038,35229,36159,21760,5202,2249
2025‑08‑05 09:04:00,8731,7023,73478,43751,916645,802267,57445,35452,36188,21777,5211,2250
2025‑08‑05 12:01:04,8740,7030,73786,43929,918381,803917,57723,35531,36218,21796,5221,2250
2025‑08‑05 15:02:28,8761,7050,74242,44227,919824,805168,58089,35689,36238,21800,5226,2257
2025‑08‑05 18:01:13,8768,7056,74602,44442,921686,806718,58460,35843,36297,21829,5230,2258
2025‑08‑05 21:00:56,8784,7071,74854,44624,923461,808343,59096,36169,36317,21848,5242,2272
2025‑08‑06 00:01:11,8799,7082,75100,44773,924956,809645,59361,36280,36337,21856,5243,2272
2025‑08‑06 03:30:01,8825,7103,75341,44943,926099,810781,59632,36450,36372,21887,5248,2275
2025‑08‑06 06:01:51,8852,7127,75502,45051,927494,812077,59775,36505,36379,21896,5250,2277
2025‑08‑06 09:04:01,8867,7141,75940,45183,928682,813117,59956,36570,36413,21919,5255,2281
2025‑08‑06 12:01:15,8878,7147,76188,45328,930585,814891,60390,36771,36517,22013,5258,2284
2025‑08‑06 15:02:11,8893,7164,76313,45372,931531,815807,60846,37034,36546,22030,5257,2282
2025‑08‑06 18:00:59,8911,7182,76573,45555,933275,817376,61471,37390,36581,22054,5261,2283
2025‑08‑06 21:01:02,8935,7199,76823,45717,935198,819062,61832,37584,36614,22076,5261,2282
2025‑08‑07 00:01:08,8947,7209,77097,45911,936559,820317,62108,37736,36637,22096,5268,2283
2025‑08‑07 03:30:02,8960,7223,77431,46136,937775,821387,62433,37913,36633,22100,5272,2284
2025‑08‑07 06:01:19,8987,7240,77327,46221,938964,822446,62709,38050,36640,22110,5276,2285
2025‑08‑07 09:03:50,9010,7257,77593,46383,940207,823595,62794,38080,36652,22120,5280,2287
2025‑08‑07 12:01:06,9021,7265,77788,46526,941720,824950,63365,38333,36675,22135,5280,2287
2025‑08‑07 15:01:45,9043,7290,78100,46700,943483,826534,63576,38410,36710,22158,5282,2287
2025‑08‑07 18:01:02,9060,7313,78474,46916,945426,828335,63777,38510,36747,22186,5289,2291
2025‑08‑07 21:00:54,9093,7334,78765,47126,947026,829670,64368,38787,36781,22220,5295,2291
2025‑08‑08 00:01:07,9101,7341,79086,47315,950047,832381,64763,38990,36925,22342,5301,2293
2025‑08‑08 03:29:56,9126,7358,79571,47672,950472,832609,65131,39159,36960,22362,5311,2296
2025‑08‑08 06:01:18,9139,7370,79625,47645,952074,833982,65452,39319,37012,22389,5320,2298
2025‑08‑08 09:03:31,9152,7379,79833,47766,954110,835719,65928,39576,37020,22394,5321,2298
2025‑08‑08 12:00:55,9164,7387,80065,47923,955727,837098,66378,39796,36955,22323,5322,2298
2025‑08‑08 15:00:58,9236,7441,80369,48114,957989,839008,66865,40040,36992,22345,5324,2298
2025‑08‑08 18:01:00,9252,7448,80728,48330,960668,841368,67261,40195,37126,22459,5326,2299
2025‑08‑08 21:00:57,9277,7464,81020,48522,962441,842912,67806,40530,37162,22486,5325,2293
2025‑08‑09 00:01:02,9299,7475,81415,48774,964336,844569,68204,40786,37175,22500,5327,2294
2025‑08‑09 03:25:01,9319,7493,81690,48966,966505,846588,68469,40903,37215,22518,5328,2294
2025‑08‑09 06:00:57,9326,7499,81909,49143,967079,847038,68693,41002,37240,22538,5331,2294
2025‑08‑09 09:00:53,9335,7508,82288,49409,969477,849089,69023,41187,37254,22544,5331,2294
2025‑08‑09 12:01:03,9351,7518,82624,49653,970831,850304,69455,41436,37136,22438,5335,2295
2025‑08‑09 15:00:54,9364,7528,83006,49883,972896,852093,69880,41703,37149,22445,5337,2295
2025‑08‑09 18:00:55,9376,7540,83341,50102,975060,854049,70347,41976,37117,22431,5342,2295
2025‑08‑09 21:00:50,9406,7572,83689,50336,977043,855764,70740,42220,37137,22448,5325,2287
2025‑08‑10 00:01:18,9422,7582,84004,50484,978363,856941,71130,42441,37150,22463,5329,2289
2025‑08‑10 03:29:55,9440,7598,84214,50648,979877,858299,71459,42619,37169,22477,5333,2288
2025‑08‑10 06:01:00,9455,7612,84417,50762,981041,859342,71672,42716,37181,22485,5336,2289
2025‑08‑10 09:00:58,9476,7632,84583,50900,982168,860284,72052,42915,37197,22497,5309,2267
2025‑08‑10 12:00:58,9489,7639,84861,51044,983869,861773,72451,43155,37213,22505,5313,2272
2025‑08‑10 15:00:49,9508,7661,85247,51358,985905,863613,72875,43401,37289,22584,5316,2272
2025‑08‑10 18:00:46,9515,7671,85582,51576,988613,866108,73197,43556,37309,22593,5317,2273
2025‑08‑10 21:00:54,9528,7678,85992,51900,990109,867373,73486,43794,37350,22613,5324,2279
2025‑08‑11 00:01:05,9545,7696,86283,52103,991749,868816,73752,43955,37471,22645,5333,2279
2025‑08‑11 03:29:43,9569,7714,86589,52310,993164,870020,74053,44109,37541,22662,5336,2281
2025‑08‑11 06:00:57,9579,7720,86756,52436,994449,871202,74318,44213,37552,22676,5338,2281
2025‑08‑11 09:03:07,9602,7737,87011,52601,995954,872475,74684,44401,37585,22691,5347,2289
2025‑08‑11 12:01:02,9610,7745,87371,52897,997819,874176,75181,44626,37603,22708,5369,2305
2025‑08‑11 18:00:53,9650,7774,88121,53353,1004906,880724,76120,45129,37671,22755,5383,2313
2025‑08‑11 21:01:03,9658,7782,88487,53609,1010079,885344,76823,45404,37710,22778,5388,2316
2025‑08‑12 00:01:19,9677,7797,88872,53895,1011935,887012,77302,45598,37729,22794,5392,2321
2025‑08‑12 03:22:49,9684,7804,89129,54068,1013185,888052,77706,45778,37760,22824,5397,2323
2025‑08‑12 06:01:01,9696,7811,89264,54130,1013816,888456,77967,45917,37790,22842,5408,2325
2025‑08‑12 15:01:00,0,0,89821,0,1019216,0,0,0,37811,0,0,2337
2025‑08‑12 18:01:01,9749,7851,90191,54750,1021796,895607,80073,46984,37898,22910,5444,2345
2025‑08‑12 21:00:59,9772,7868,90539,54948,1024227,897721,80538,47226,37929,22933,5477,2370
2025‑08‑13 00:01:14,9792,7882,90845,55170,1025697,898995,80853,47402,37956,22952,5487,2371
2025‑08‑13 03:24:58,9804,7896,91049,55271,1027211,900336,81187,47548,37984,22966,5508,2378
2025‑08‑13 06:01:01,9819,7904,91262,55406,1028594,901506,81474,47708,38018,22988,5522,2382
2025‑08‑13 09:02:42,9830,7912,91498,55572,0,903111,81829,47849,38038,23004,5531,2386
2025‑08‑13 12:01:03,9804,7886,91703,55711,1031689,904140,82281,48125,38063,23018,5542,2395
2025‑08‑13 18:01:06,9840,7909,92350,56145,1036666,908584,83265,48620,38124,23063,5552,2401
2025‑08‑13 21:01:00,9863,7925,92671,56356,1039668,911231,83656,48826,38168,23098,5558,2406
2025‑08‑14 00:01:23,9873,7934,92957,56550,1041581,912873,83995,49045,38174,23096,5558,2406
2025‑08‑14 03:25:04,9902,7952,93131,56627,1043868,914787,84306,49246,38188,23104,5568,2407
2025‑08‑14 06:00:57,9927,7970,93298,56725,1045686,916329,84510,49350,38203,23115,5575,2412
2025‑08‑14 18:01:03,10005,8031,94481,57433,1053955,922997,86326,50260,38307,23202,5603,2421
2025‑08‑14 21:01:00,10019,8040,94811,57656,1056152,924979,86722,50504,38306,23213,5615,2428
2025‑08‑15 00:01:18,10034,8054,95062,57822,1058219,926832,86712,50604,38377,23226,5622,2429
2025‑08‑15 03:25:56,10046,8063,95304,57993,1059347,927810,86897,50736,38407,23241,5627,2430
2025‑08‑15 06:01:00,10039,8056,95496,58118,1060762,929025,87091,50820,38423,23248,5640,2438
2025‑08‑15 09:01:11,10048,8059,95763,58252,1062523,930524,87329,50914,38384,23208,5647,2444
2025‑08‑15 12:01:02,10074,8078,96016,58444,1062221,930187,87696,51119,38398,23219,5656,2447
2025‑08‑15 15:00:57,10083,8088,96295,58610,1064155,931785,88031,51282,38423,23235,5666,2453
2025‑08‑15 18:01:04,10094,8095,96541,58801,1066528,933830,88369,51429,38441,23247,5686,2471
2025‑08‑15 21:00:59,10110,8106,96867,59035,1068544,935573,88679,51590,38486,23275,5702,2477
2025‑08‑16 00:01:10,10122,8115,97132,59237,1070721,937408,88959,51759,38505,23290,5715,2485
2025‑08‑16 03:21:15,10127,8121,97369,59424,1073032,939429,89171,51890,38524,23306,5727,2488
2025‑08‑16 06:00:55,10130,8126,97537,59564,1074520,940710,89375,51999,38548,23321,5730,2489
2025‑08‑16 09:00:55,10136,8130,97757,59728,1076219,942176,89611,52134,38556,23325,5730,2489
2025‑08‑16 12:00:56,10150,8140,97926,59842,1077875,943576,89411,51809,38567,23330,5736,2490
2025‑08‑16 15:00:55,10163,8151,98323,60107,1080024,945536,89740,51955,38579,23336,5637,2412
2025‑08‑16 18:00:55,10173,8156,98683,60346,1081748,947018,89885,51990,38592,23352,5637,2414
2025‑08‑16 21:00:51,10177,8158,99039,60599,1084106,949088,90212,52148,38619,23378,5649,2417
2025‑08‑17 00:01:14,10180,8157,99454,60896,1086581,951162,90436,52285,38648,23405,5654,2420
2025‑08‑17 03:28:01,10205,8172,99450,60925,1088753,953056,90621,52386,38689,23441,5655,2422
2025‑08‑17 06:01:05,10214,8178,99616,61043,1090037,954178,90814,52518,38676,23429,5660,2422
2025‑08‑17 09:00:55,10251,8212,99774,61105,1091497,955331,91120,52706,38684,23438,5668,2422
2025‑08‑17 12:01:09,10256,8218,100065,61310,1092921,956594,91447,52886,38700,23451,5671,2422
2025‑08‑17 15:00:55,10278,8228,100541,61628,1094880,958293,91724,53002,38727,23464,5675,2424
2025‑08‑17 18:00:59,10295,8234,100811,61818,1096572,959795,92071,53175,38750,23483,5679,2427
2025‑08‑17 21:01:04,10304,8244,101043,62021,1099073,961985,92398,53337,38770,23501,5684,2429
2025‑08‑18 00:01:17,10304,8248,101263,62171,1101412,964007,92640,53487,38813,23529,5686,2429
2025‑08‑18 03:28:49,10311,8255,101582,62395,1103290,965534,92894,53616,38840,23546,5691,2431
2025‑08‑18 06:01:01,10314,8258,101829,62586,1100928,963128,93136,53689,38853,23554,5696,2435
2025‑08‑18 18:00:57,10364,8297,102773,63160,1108962,969735,94499,54211,38862,23564,5713,2441
2025‑08‑18 21:01:00,10403,8329,103151,63389,1111275,971765,94901,54440,38882,23569,5718,2442
2025‑08‑19 00:01:09,10420,8345,103439,63567,1114214,974346,95146,54571,38907,23586,5721,2443
2025‑08‑19 03:18:30,10437,8354,103672,63723,1116359,976181,95345,54695,38922,23598,5726,2447
2025‑08‑19 06:01:07,10443,8357,103802,63804,1118295,977782,95522,54762,38950,23623,5744,2461
